<?xml version="1.0" ?>
<library  version="2.0" name="sap.ui.commons">
  <module name="sap/ui/commons/Accordion.js" size="54258" compressedSize="15543">
    <description>Provides control sap.ui.commons.Accordion.</description>
    <requires>
      <module name="sap/ui/commons/library.js"/>
      <module name="sap/ui/core/Control.js"/>
      <module name="sap/ui/core/delegate/ItemNavigation.js"/>
      <module name="jquery.sap.global.js"/>
    </requires>
  </module>
  <module name="sap/ui/commons/AccordionRenderer.js" size="6578" compressedSize="4285">
    <description>Provides default renderer for control sap.ui.commons.Accordion</description>
    <requires>
      <module name="jquery.sap.global.js"/>
    </requires>
  </module>
  <module name="sap/ui/commons/AccordionSection.js" size="20467" compressedSize="4558">
    <description>Provides control sap.ui.commons.AccordionSection.</description>
    <requires>
      <module name="sap/ui/commons/library.js"/>
      <module name="sap/ui/core/Element.js"/>
      <module name="jquery.sap.global.js"/>
    </requires>
  </module>
  <module name="sap/ui/commons/ApplicationHeader.js" size="12918" compressedSize="2755">
    <description>Provides control sap.ui.commons.ApplicationHeader.</description>
    <requires>
      <module name="sap/ui/commons/library.js"/>
      <module name="sap/ui/core/Control.js"/>
      <module name="jquery.sap.global.js"/>
    </requires>
  </module>
  <module name="sap/ui/commons/ApplicationHeaderRenderer.js" size="4628" compressedSize="2255">
    <description>Provides default renderer for control sap.ui.commons.ApplicationHeader</description>
    <requires>
      <module name="jquery.sap.global.js"/>
    </requires>
  </module>
  <module name="sap/ui/commons/Area.js" size="6789" compressedSize="788">
    <description>Provides control sap.ui.commons.Area.</description>
    <requires>
      <module name="sap/ui/commons/library.js"/>
      <module name="sap/ui/core/Element.js"/>
      <module name="jquery.sap.global.js"/>
    </requires>
  </module>
  <module name="sap/ui/commons/AutoComplete.js" size="15519" compressedSize="5538">
    <description>Provides control sap.ui.commons.AutoComplete.</description>
    <requires>
      <module name="sap/ui/commons/library.js"/>
      <module name="sap/ui/commons/ComboBox.js"/>
      <module name="jquery.sap.strings.js"/>
      <module name="jquery.sap.global.js"/>
    </requires>
  </module>
  <module name="sap/ui/commons/AutoCompleteRenderer.js" size="1976" compressedSize="1410">
    <description>Provides default renderer for control sap.ui.commons.AutoComplete</description>
    <requires>
      <module name="sap/ui/core/Renderer.js"/>
      <module name="sap/ui/commons/ComboBoxRenderer.js"/>
      <module name="jquery.sap.global.js"/>
    </requires>
  </module>
  <module name="sap/ui/commons/Button.js" size="23501" compressedSize="3756">
    <description>Provides control sap.ui.commons.Button.</description>
    <requires>
      <module name="sap/ui/commons/library.js"/>
      <module name="sap/ui/core/Control.js"/>
      <module name="sap/ui/core/EnabledPropagator.js"/>
      <module name="jquery.sap.global.js"/>
    </requires>
  </module>
  <module name="sap/ui/commons/ButtonRenderer.js" size="7877" compressedSize="4841">
    <description>Provides default renderer for control sap.ui.commons.Button</description>
    <requires>
      <module name="jquery.sap.global.js"/>
    </requires>
  </module>
  <module name="sap/ui/commons/Callout.js" size="6072" compressedSize="525">
    <description>Provides control sap.ui.commons.Callout.</description>
    <requires>
      <module name="sap/ui/commons/library.js"/>
      <module name="sap/ui/commons/CalloutBase.js"/>
      <module name="jquery.sap.global.js"/>
    </requires>
  </module>
  <module name="sap/ui/commons/CalloutBase.js" size="35824" compressedSize="8337">
    <description>Provides control sap.ui.commons.CalloutBase.</description>
    <requires>
      <module name="sap/ui/commons/library.js"/>
      <module name="sap/ui/core/TooltipBase.js"/>
      <module name="jquery.sap.global.js"/>
    </requires>
  </module>
  <module name="sap/ui/commons/CalloutBaseRenderer.js" size="2599" compressedSize="1402">
    <description>! SAP UI development toolkit for HTML5 (SAPUI5) (c) Copyright 2009-2013 SAP AG or an SAP affiliate company.  Licensed under the Apache License, Version 2.0 - see LICENSE.txt.</description>
    <requires>
      <module name="jquery.sap.global.js"/>
    </requires>
  </module>
  <module name="sap/ui/commons/CalloutRenderer.js" size="2602" compressedSize="854">
    <description>! SAP UI development toolkit for HTML5 (SAPUI5) (c) Copyright 2009-2013 SAP AG or an SAP affiliate company.  Licensed under the Apache License, Version 2.0 - see LICENSE.txt.</description>
    <requires>
      <module name="sap/ui/commons/CalloutBaseRenderer.js"/>
      <module name="sap/ui/core/Renderer.js"/>
      <module name="jquery.sap.global.js"/>
    </requires>
  </module>
  <module name="sap/ui/commons/Carousel.js" size="35098" compressedSize="12298">
    <description>Provides control sap.ui.commons.Carousel.</description>
    <requires>
      <module name="sap/ui/commons/library.js"/>
      <module name="sap/ui/core/Control.js"/>
      <module name="sap/ui/core/ResizeHandler.js"/>
      <module name="sap/ui/core/delegate/ItemNavigation.js"/>
      <module name="jquery.sap.global.js"/>
    </requires>
  </module>
  <module name="sap/ui/commons/CarouselRenderer.js" size="4733" compressedSize="2918">
    <description>Provides default renderer for control sap.ui.commons.Carousel</description>
    <requires>
      <module name="jquery.sap.global.js"/>
    </requires>
  </module>
  <module name="sap/ui/commons/CheckBox.js" size="19320" compressedSize="2198">
    <description>Provides control sap.ui.commons.CheckBox.</description>
    <requires>
      <module name="sap/ui/commons/library.js"/>
      <module name="sap/ui/core/Control.js"/>
      <module name="jquery.sap.global.js"/>
    </requires>
  </module>
  <module name="sap/ui/commons/CheckBoxRenderer.js" size="4335" compressedSize="2187">
    <description>Provides default renderer for control sap.ui.commons.CheckBox</description>
    <requires>
      <module name="sap/ui/core/ValueStateSupport.js"/>
      <module name="jquery.sap.global.js"/>
    </requires>
  </module>
  <module name="sap/ui/commons/ColorPicker.js" size="53816" compressedSize="26043">
    <description>Provides control sap.ui.commons.ColorPicker.</description>
    <requires>
      <module name="sap/ui/commons/library.js"/>
      <module name="sap/ui/core/Control.js"/>
      <module name="jquery.sap.global.js"/>
    </requires>
  </module>
  <module name="sap/ui/commons/ColorPickerRenderer.js" size="1080" compressedSize="445">
    <description>Provides default renderer for control sap.ui.commons.ColorPicker</description>
    <requires>
      <module name="jquery.sap.global.js"/>
    </requires>
  </module>
  <module name="sap/ui/commons/ComboBox.js" size="62233" compressedSize="24452">
    <description>Provides control sap.ui.commons.ComboBox.</description>
    <requires>
      <module name="sap/ui/commons/library.js"/>
      <module name="sap/ui/commons/TextField.js"/>
      <module name="jquery.sap.strings.js"/>
      <module name="sap/ui/core/Popup.js"/>
      <module name="jquery.sap.global.js"/>
    </requires>
  </module>
  <module name="sap/ui/commons/ComboBoxRenderer.js" size="5290" compressedSize="2392">
    <description>Provides default renderer for control sap.ui.commons.ComboBox</description>
    <requires>
      <module name="sap/ui/core/Renderer.js"/>
      <module name="sap/ui/commons/TextFieldRenderer.js"/>
      <module name="jquery.sap.global.js"/>
    </requires>
  </module>
  <module name="sap/ui/commons/DatePicker.js" size="52309" compressedSize="19572">
    <description>Provides control sap.ui.commons.DatePicker.</description>
    <requires>
      <module name="sap/ui/commons/library.js"/>
      <module name="sap/ui/commons/TextField.js"/>
      <module name="sap/ui/thirdparty/jqueryui/jquery-ui-core.js"/>
      <module name="sap/ui/thirdparty/jqueryui/jquery-ui-datepicker.js"/>
      <module name="sap/ui/model/type/Date.js"/>
      <module name="jquery.sap.global.js"/>
    </requires>
  </module>
  <module name="sap/ui/commons/DatePickerRenderer.js" size="6217" compressedSize="2017">
    <description>Provides default renderer for control sap.ui.commons.DatePicker</description>
    <requires>
      <module name="sap/ui/commons/TextFieldRenderer.js"/>
      <module name="sap/ui/commons/DatePicker.js"/>
      <module name="jquery.sap.global.js"/>
    </requires>
  </module>
  <module name="sap/ui/commons/Dialog.js" size="54566" compressedSize="11927">
    <description>Provides control sap.ui.commons.Dialog.</description>
    <requires>
      <module name="sap/ui/commons/library.js"/>
      <module name="sap/ui/core/Control.js"/>
      <module name="sap/ui/core/Popup.js"/>
      <module name="jquery.sap.global.js"/>
    </requires>
  </module>
  <module name="sap/ui/commons/DialogRenderer.js" size="4654" compressedSize="3015">
    <description>Provides default renderer for control sap.ui.commons.Dialog</description>
    <requires>
      <module name="jquery.sap.global.js"/>
    </requires>
  </module>
  <module name="sap/ui/commons/DropdownBox.js" size="61404" compressedSize="23964">
    <description>Provides control sap.ui.commons.DropdownBox.</description>
    <requires>
      <module name="sap/ui/commons/library.js"/>
      <module name="sap/ui/commons/ComboBox.js"/>
      <module name="sap/ui/core/History.js"/>
      <module name="sap/ui/core/SeparatorItem.js"/>
      <module name="jquery.sap.global.js"/>
    </requires>
  </module>
  <module name="sap/ui/commons/DropdownBoxRenderer.js" size="3032" compressedSize="1335">
    <description>Provides default renderer for control sap.ui.commons.DropdownBox</description>
    <requires>
      <module name="sap/ui/commons/ComboBoxRenderer.js"/>
      <module name="jquery.sap.global.js"/>
    </requires>
  </module>
  <module name="sap/ui/commons/FileUploader.js" size="36137" compressedSize="9307">
    <description>Provides control sap.ui.commons.FileUploader.</description>
    <requires>
      <module name="sap/ui/commons/library.js"/>
      <module name="sap/ui/core/Control.js"/>
      <module name="jquery.sap.global.js"/>
    </requires>
  </module>
  <module name="sap/ui/commons/FileUploaderParameter.js" size="4878" compressedSize="570">
    <description>Provides control sap.ui.commons.FileUploaderParameter.</description>
    <requires>
      <module name="sap/ui/commons/library.js"/>
      <module name="sap/ui/core/Element.js"/>
      <module name="jquery.sap.global.js"/>
    </requires>
  </module>
  <module name="sap/ui/commons/FileUploaderRenderer.js" size="2774" compressedSize="1683">
    <description>Provides default renderer for control sap.ui.commons.FileUploader</description>
    <requires>
      <module name="jquery.sap.global.js"/>
    </requires>
  </module>
  <module name="sap/ui/commons/FormattedTextView.js" size="14308" compressedSize="2653">
    <description>Provides control sap.ui.commons.FormattedTextView.</description>
    <requires>
      <module name="sap/ui/commons/library.js"/>
      <module name="sap/ui/core/Control.js"/>
      <module name="jquery.sap.encoder.js"/>
      <module name="jquery.sap.global.js"/>
    </requires>
  </module>
  <module name="sap/ui/commons/FormattedTextViewRenderer.js" size="2679" compressedSize="1219">
    <description>! SAP UI development toolkit for HTML5 (SAPUI5) (c) Copyright 2009-2013 SAP AG or an SAP affiliate company.  Licensed under the Apache License, Version 2.0 - see LICENSE.txt.</description>
    <requires>
      <module name="jquery.sap.global.js"/>
    </requires>
  </module>
  <module name="sap/ui/commons/HorizontalDivider.js" size="6581" compressedSize="855">
    <description>Provides control sap.ui.commons.HorizontalDivider.</description>
    <requires>
      <module name="sap/ui/commons/library.js"/>
      <module name="sap/ui/core/Control.js"/>
      <module name="jquery.sap.global.js"/>
    </requires>
  </module>
  <module name="sap/ui/commons/HorizontalDividerRenderer.js" size="1664" compressedSize="953">
    <description>Provides default renderer for control sap.ui.commons.HorizontalDivider</description>
    <requires>
      <module name="jquery.sap.global.js"/>
    </requires>
  </module>
  <module name="sap/ui/commons/Image.js" size="12177" compressedSize="1200">
    <description>Provides control sap.ui.commons.Image.</description>
    <requires>
      <module name="sap/ui/commons/library.js"/>
      <module name="sap/ui/core/Control.js"/>
      <module name="jquery.sap.global.js"/>
    </requires>
  </module>
  <module name="sap/ui/commons/ImageMap.js" size="12181" compressedSize="2198">
    <description>Provides control sap.ui.commons.ImageMap.</description>
    <requires>
      <module name="sap/ui/commons/library.js"/>
      <module name="sap/ui/core/Control.js"/>
      <module name="sap/ui/core/delegate/ItemNavigation.js"/>
      <module name="jquery.sap.global.js"/>
    </requires>
  </module>
  <module name="sap/ui/commons/ImageMapRenderer.js" size="2724" compressedSize="1429">
    <description>! SAP UI development toolkit for HTML5 (SAPUI5) (c) Copyright 2009-2013 SAP AG or an SAP affiliate company.  Licensed under the Apache License, Version 2.0 - see LICENSE.txt.</description>
    <requires>
      <module name="jquery.sap.global.js"/>
    </requires>
  </module>
  <module name="sap/ui/commons/ImageRenderer.js" size="2997" compressedSize="1255">
    <description>Provides default renderer for control sap.ui.commons.Image</description>
    <requires>
      <module name="jquery.sap.global.js"/>
    </requires>
  </module>
  <module name="sap/ui/commons/InPlaceEdit.js" size="41816" compressedSize="15405">
    <description>Provides control sap.ui.commons.InPlaceEdit.</description>
    <requires>
      <module name="sap/ui/commons/library.js"/>
      <module name="sap/ui/core/Control.js"/>
      <module name="sap/ui/commons/TextView.js"/>
      <module name="sap/ui/commons/TextField.js"/>
      <module name="sap/ui/core/theming/Parameters.js"/>
      <module name="sap/ui/core/ValueStateSupport.js"/>
      <module name="jquery.sap.global.js"/>
    </requires>
  </module>
  <module name="sap/ui/commons/InPlaceEditRenderer.js" size="4252" compressedSize="2429">
    <description>! SAP UI development toolkit for HTML5 (SAPUI5) (c) Copyright 2009-2013 SAP AG or an SAP affiliate company.  Licensed under the Apache License, Version 2.0 - see LICENSE.txt.</description>
    <requires>
      <module name="jquery.sap.global.js"/>
    </requires>
  </module>
  <module name="sap/ui/commons/Label.js" size="16455" compressedSize="2622">
    <description>Provides control sap.ui.commons.Label.</description>
    <requires>
      <module name="sap/ui/commons/library.js"/>
      <module name="sap/ui/core/Control.js"/>
      <module name="sap/ui/core/Popup.js"/>
      <module name="jquery.sap.global.js"/>
    </requires>
  </module>
  <module name="sap/ui/commons/LabelRenderer.js" size="3931" compressedSize="1980">
    <description>Provides default renderer for control sap.ui.commons.Label</description>
    <requires>
      <module name="sap/ui/core/Renderer.js"/>
      <module name="jquery.sap.global.js"/>
    </requires>
  </module>
  <module name="sap/ui/commons/Link.js" size="15034" compressedSize="1600">
    <description>Provides control sap.ui.commons.Link.</description>
    <requires>
      <module name="sap/ui/commons/library.js"/>
      <module name="sap/ui/core/Control.js"/>
      <module name="sap/ui/core/EnabledPropagator.js"/>
      <module name="jquery.sap.global.js"/>
    </requires>
  </module>
  <module name="sap/ui/commons/LinkRenderer.js" size="1897" compressedSize="1040">
    <description>Provides default renderer for control sap.ui.commons.Link</description>
    <requires>
      <module name="jquery.sap.global.js"/>
    </requires>
  </module>
  <module name="sap/ui/commons/ListBox.js" size="66455" compressedSize="19847">
    <description>Provides control sap.ui.commons.ListBox.</description>
    <requires>
      <module name="sap/ui/commons/library.js"/>
      <module name="sap/ui/core/Control.js"/>
      <module name="sap/ui/core/delegate/ItemNavigation.js"/>
      <module name="jquery.sap.strings.js"/>
      <module name="jquery.sap.global.js"/>
    </requires>
  </module>
  <module name="sap/ui/commons/ListBoxRenderer.js" size="9861" compressedSize="4883">
    <description>Provides default renderer for control sap.ui.commons.ListBox</description>
    <requires>
      <module name="sap/ui/core/Renderer.js"/>
      <module name="jquery.sap.strings.js"/>
      <module name="jquery.sap.global.js"/>
    </requires>
  </module>
  <module name="sap/ui/commons/Menu.js" size="38221" compressedSize="13911">
    <description>Provides control sap.ui.commons.Menu.</description>
    <requires>
      <module name="sap/ui/commons/library.js"/>
      <module name="sap/ui/core/Control.js"/>
      <module name="sap/ui/commons/MenuItemBase.js"/>
      <module name="sap/ui/core/Popup.js"/>
      <module name="jquery.sap.global.js"/>
    </requires>
  </module>
  <module name="sap/ui/commons/MenuBar.js" size="22605" compressedSize="7562">
    <description>Provides control sap.ui.commons.MenuBar.</description>
    <requires>
      <module name="sap/ui/commons/library.js"/>
      <module name="sap/ui/core/Control.js"/>
      <module name="sap/ui/commons/Menu.js"/>
      <module name="sap/ui/commons/MenuItem.js"/>
      <module name="jquery.sap.global.js"/>
    </requires>
  </module>
  <module name="sap/ui/commons/MenuBarRenderer.js" size="3379" compressedSize="2218">
    <description>Provides default renderer for control sap.ui.commons.MenuBar</description>
    <requires>
      <module name="jquery.sap.global.js"/>
    </requires>
  </module>
  <module name="sap/ui/commons/MenuButton.js" size="15297" compressedSize="2817">
    <description>Provides control sap.ui.commons.MenuButton.</description>
    <requires>
      <module name="sap/ui/commons/library.js"/>
      <module name="sap/ui/commons/Button.js"/>
      <module name="sap/ui/commons/Menu.js"/>
      <module name="jquery.sap.global.js"/>
    </requires>
  </module>
  <module name="sap/ui/commons/MenuButtonRenderer.js" size="1875" compressedSize="742">
    <description>Provides default renderer for control sap.ui.commons.MenuButton</description>
    <requires>
      <module name="sap/ui/commons/ButtonRenderer.js"/>
      <module name="sap/ui/core/Renderer.js"/>
      <module name="jquery.sap.global.js"/>
    </requires>
  </module>
  <module name="sap/ui/commons/MenuItem.js" size="6495" compressedSize="1932">
    <description>Provides control sap.ui.commons.MenuItem.</description>
    <requires>
      <module name="sap/ui/commons/library.js"/>
      <module name="sap/ui/commons/MenuItemBase.js"/>
      <module name="jquery.sap.global.js"/>
    </requires>
  </module>
  <module name="sap/ui/commons/MenuItemBase.js" size="10728" compressedSize="1635">
    <description>Provides control sap.ui.commons.MenuItemBase.</description>
    <requires>
      <module name="sap/ui/commons/library.js"/>
      <module name="sap/ui/core/Element.js"/>
      <module name="jquery.sap.global.js"/>
    </requires>
  </module>
  <module name="sap/ui/commons/MenuRenderer.js" size="3195" compressedSize="1863">
    <description>Provides default renderer for control sap.ui.commons.Menu</description>
    <requires>
      <module name="jquery.sap.global.js"/>
    </requires>
  </module>
  <module name="sap/ui/commons/MenuTextFieldItem.js" size="13003" compressedSize="5091">
    <description>Provides control sap.ui.commons.MenuTextFieldItem.</description>
    <requires>
      <module name="sap/ui/commons/library.js"/>
      <module name="sap/ui/commons/MenuItemBase.js"/>
      <module name="sap/ui/commons/MenuItem.js"/>
      <module name="sap/ui/commons/Label.js"/>
      <module name="sap/ui/commons/TextField.js"/>
      <module name="jquery.sap.global.js"/>
    </requires>
  </module>
  <module name="sap/ui/commons/Message.js" size="15164" compressedSize="3805">
    <description>Provides control sap.ui.commons.Message.</description>
    <requires>
      <module name="sap/ui/commons/library.js"/>
      <module name="sap/ui/core/Control.js"/>
      <module name="sap/ui/commons/Dialog.js"/>
      <module name="jquery.sap.global.js"/>
    </requires>
  </module>
  <module name="sap/ui/commons/MessageBar.js" size="31058" compressedSize="10682">
    <description>Provides control sap.ui.commons.MessageBar.</description>
    <requires>
      <module name="sap/ui/commons/library.js"/>
      <module name="sap/ui/core/Control.js"/>
      <module name="sap/ui/core/Popup.js"/>
      <module name="jquery.sap.global.js"/>
    </requires>
  </module>
  <module name="sap/ui/commons/MessageBarRenderer.js" size="2957" compressedSize="1384">
    <description>Provides default renderer for control sap.ui.commons.MessageBar</description>
    <requires>
      <module name="sap/ui/core/Popup.js"/>
      <module name="jquery.sap.global.js"/>
    </requires>
  </module>
  <module name="sap/ui/commons/MessageBox.js" size="10704" compressedSize="2661">
    <description>Provides class sap.ui.commons.MessageBox</description>
    <requires>
      <module name="sap/ui/commons/Button.js"/>
      <module name="sap/ui/commons/Dialog.js"/>
      <module name="sap/ui/commons/Image.js"/>
      <module name="sap/ui/commons/layout/MatrixLayout.js"/>
      <module name="sap/ui/commons/TextView.js"/>
      <module name="jquery.sap.global.js"/>
    </requires>
  </module>
  <module name="sap/ui/commons/MessageList.js" size="10357" compressedSize="2352">
    <description>Provides control sap.ui.commons.MessageList.</description>
    <requires>
      <module name="sap/ui/commons/library.js"/>
      <module name="sap/ui/core/Control.js"/>
      <module name="sap/ui/core/Popup.js"/>
      <module name="jquery.sap.global.js"/>
    </requires>
  </module>
  <module name="sap/ui/commons/MessageListRenderer.js" size="1387" compressedSize="572">
    <description>Provides default renderer for control sap.ui.commons.MessageList</description>
    <requires>
      <module name="jquery.sap.global.js"/>
    </requires>
  </module>
  <module name="sap/ui/commons/MessageRenderer.js" size="2175" compressedSize="895">
    <description>Provides default renderer for control sap.ui.commons.Message</description>
    <requires>
      <module name="jquery.sap.global.js"/>
    </requires>
  </module>
  <module name="sap/ui/commons/MessageToast.js" size="13649" compressedSize="2730">
    <description>Provides control sap.ui.commons.MessageToast.</description>
    <requires>
      <module name="sap/ui/commons/library.js"/>
      <module name="sap/ui/core/Control.js"/>
      <module name="sap/ui/thirdparty/jqueryui/jquery-ui-core.js"/>
      <module name="jquery.sap.global.js"/>
    </requires>
  </module>
  <module name="sap/ui/commons/MessageToastRenderer.js" size="2096" compressedSize="833">
    <description>Provides default renderer for control sap.ui.commons.MessageToast</description>
    <requires>
      <module name="jquery.sap.global.js"/>
    </requires>
  </module>
  <module name="sap/ui/commons/Paginator.js" size="19726" compressedSize="5084">
    <description>Provides control sap.ui.commons.Paginator.</description>
    <requires>
      <module name="sap/ui/commons/library.js"/>
      <module name="sap/ui/core/Control.js"/>
      <module name="jquery.sap.global.js"/>
    </requires>
  </module>
  <module name="sap/ui/commons/PaginatorRenderer.js" size="7362" compressedSize="4084">
    <description>Provides default renderer for control sap.ui.commons.Paginator</description>
    <requires>
      <module name="jquery.sap.encoder.js"/>
      <module name="jquery.sap.global.js"/>
    </requires>
  </module>
  <module name="sap/ui/commons/Panel.js" size="41011" compressedSize="10589">
    <description>Provides control sap.ui.commons.Panel.</description>
    <requires>
      <module name="sap/ui/commons/library.js"/>
      <module name="sap/ui/core/Control.js"/>
      <module name="jquery.sap.global.js"/>
    </requires>
  </module>
  <module name="sap/ui/commons/PanelRenderer.js" size="6869" compressedSize="3500">
    <description>Provides default renderer for control sap.ui.commons.Panel</description>
    <requires>
      <module name="jquery.sap.global.js"/>
    </requires>
  </module>
  <module name="sap/ui/commons/PasswordField.js" size="3212" compressedSize="442">
    <description>Provides control sap.ui.commons.PasswordField.</description>
    <requires>
      <module name="sap/ui/commons/library.js"/>
      <module name="sap/ui/commons/TextField.js"/>
      <module name="jquery.sap.global.js"/>
    </requires>
  </module>
  <module name="sap/ui/commons/PasswordFieldRenderer.js" size="2399" compressedSize="1326">
    <description>! SAP UI development toolkit for HTML5 (SAPUI5) (c) Copyright 2009-2013 SAP AG or an SAP affiliate company.  Licensed under the Apache License, Version 2.0 - see LICENSE.txt.</description>
    <requires>
      <module name="sap/ui/commons/TextFieldRenderer.js"/>
      <module name="jquery.sap.global.js"/>
    </requires>
  </module>
  <module name="sap/ui/commons/ProgressIndicator.js" size="15320" compressedSize="4664">
    <description>Provides control sap.ui.commons.ProgressIndicator.</description>
    <requires>
      <module name="sap/ui/commons/library.js"/>
      <module name="sap/ui/core/Control.js"/>
      <module name="jquery.sap.global.js"/>
    </requires>
  </module>
  <module name="sap/ui/commons/ProgressIndicatorRenderer.js" size="4844" compressedSize="2712">
    <description>Provides default renderer for control sap.ui.commons.ProgressIndicator</description>
    <requires>
      <module name="jquery.sap.global.js"/>
    </requires>
  </module>
  <module name="sap/ui/commons/RadioButton.js" size="22408" compressedSize="3559">
    <description>Provides control sap.ui.commons.RadioButton.</description>
    <requires>
      <module name="sap/ui/commons/library.js"/>
      <module name="sap/ui/core/Control.js"/>
      <module name="jquery.sap.global.js"/>
    </requires>
  </module>
  <module name="sap/ui/commons/RadioButtonGroup.js" size="30803" compressedSize="8400">
    <description>Provides control sap.ui.commons.RadioButtonGroup.</description>
    <requires>
      <module name="sap/ui/commons/library.js"/>
      <module name="sap/ui/core/Control.js"/>
      <module name="sap/ui/core/delegate/ItemNavigation.js"/>
      <module name="jquery.sap.global.js"/>
    </requires>
  </module>
  <module name="sap/ui/commons/RadioButtonGroupRenderer.js" size="3078" compressedSize="1485">
    <description>Provides default renderer for control sap.ui.commons.RadioButtonGroup</description>
    <requires>
      <module name="jquery.sap.global.js"/>
    </requires>
  </module>
  <module name="sap/ui/commons/RadioButtonRenderer.js" size="5472" compressedSize="2790">
    <description>Provides default renderer for control sap.ui.commons.RadioButton</description>
    <requires>
      <module name="sap/ui/core/ValueStateSupport.js"/>
      <module name="jquery.sap.global.js"/>
    </requires>
  </module>
  <module name="sap/ui/commons/RangeSlider.js" size="19019" compressedSize="8425">
    <description>Provides control sap.ui.commons.RangeSlider.</description>
    <requires>
      <module name="sap/ui/commons/library.js"/>
      <module name="sap/ui/commons/Slider.js"/>
      <module name="jquery.sap.global.js"/>
    </requires>
  </module>
  <module name="sap/ui/commons/RangeSliderRenderer.js" size="3237" compressedSize="1720">
    <description>Provides default renderer for control sap.ui.commons.RangeSlider</description>
    <requires>
      <module name="sap/ui/core/Renderer.js"/>
      <module name="sap/ui/commons/SliderRenderer.js"/>
      <module name="jquery.sap.global.js"/>
    </requires>
  </module>
  <module name="sap/ui/commons/RatingIndicator.js" size="27387" compressedSize="6150">
    <description>Provides control sap.ui.commons.RatingIndicator.</description>
    <requires>
      <module name="sap/ui/commons/library.js"/>
      <module name="sap/ui/core/Control.js"/>
      <module name="sap/ui/core/theming/Parameters.js"/>
      <module name="jquery.sap.global.js"/>
    </requires>
  </module>
  <module name="sap/ui/commons/RatingIndicatorRenderer.js" size="6237" compressedSize="3276">
    <description>Provides default renderer for control sap.ui.commons.RatingIndicator</description>
    <requires>
      <module name="jquery.sap.global.js"/>
    </requires>
  </module>
  <module name="sap/ui/commons/ResponsiveContainer.js" size="15242" compressedSize="2691">
    <description>Provides control sap.ui.commons.ResponsiveContainer.</description>
    <requires>
      <module name="sap/ui/commons/library.js"/>
      <module name="sap/ui/core/Control.js"/>
      <module name="sap/ui/core/ResizeHandler.js"/>
      <module name="jquery.sap.global.js"/>
    </requires>
  </module>
  <module name="sap/ui/commons/ResponsiveContainerRange.js" size="6532" compressedSize="730">
    <description>Provides control sap.ui.commons.ResponsiveContainerRange.</description>
    <requires>
      <module name="sap/ui/commons/library.js"/>
      <module name="sap/ui/core/Control.js"/>
      <module name="jquery.sap.global.js"/>
    </requires>
  </module>
  <module name="sap/ui/commons/ResponsiveContainerRenderer.js" size="1812" compressedSize="933">
    <description>Provides default renderer for control sap.ui.commons.ResponsiveContainer</description>
    <requires>
      <module name="jquery.sap.global.js"/>
    </requires>
  </module>
  <module name="sap/ui/commons/RichTooltip.js" size="10819" compressedSize="2654">
    <description>Provides control sap.ui.commons.RichTooltip.</description>
    <requires>
      <module name="sap/ui/commons/library.js"/>
      <module name="sap/ui/core/TooltipBase.js"/>
      <module name="jquery.sap.global.js"/>
    </requires>
  </module>
  <module name="sap/ui/commons/RichTooltipRenderer.js" size="3647" compressedSize="2051">
    <description>Provides default renderer for control sap.ui.commons.RichTooltip</description>
    <requires>
      <module name="sap/ui/core/ValueStateSupport.js"/>
      <module name="jquery.sap.global.js"/>
    </requires>
  </module>
  <module name="sap/ui/commons/RoadMap.js" size="28201" compressedSize="7144">
    <description>Provides control sap.ui.commons.RoadMap.</description>
    <requires>
      <module name="sap/ui/commons/library.js"/>
      <module name="sap/ui/core/Control.js"/>
      <module name="jquery.sap.global.js"/>
    </requires>
  </module>
  <module name="sap/ui/commons/RoadMapRenderer.js" size="30147" compressedSize="13297">
    <description>Provides default renderer for control sap.ui.commons.RoadMap</description>
    <requires>
      <module name="jquery.sap.global.js"/>
    </requires>
  </module>
  <module name="sap/ui/commons/RoadMapStep.js" size="16182" compressedSize="3611">
    <description>Provides control sap.ui.commons.RoadMapStep.</description>
    <requires>
      <module name="sap/ui/commons/library.js"/>
      <module name="sap/ui/core/Element.js"/>
      <module name="jquery.sap.global.js"/>
    </requires>
  </module>
  <module name="sap/ui/commons/RowRepeater.js" size="70020" compressedSize="19401">
    <description>Provides control sap.ui.commons.RowRepeater.</description>
    <requires>
      <module name="sap/ui/commons/library.js"/>
      <module name="sap/ui/core/Control.js"/>
      <module name="jquery.sap.global.js"/>
    </requires>
  </module>
  <module name="sap/ui/commons/RowRepeaterFilter.js" size="5763" compressedSize="630">
    <description>Provides control sap.ui.commons.RowRepeaterFilter.</description>
    <requires>
      <module name="sap/ui/commons/library.js"/>
      <module name="sap/ui/core/Element.js"/>
      <module name="jquery.sap.global.js"/>
    </requires>
  </module>
  <module name="sap/ui/commons/RowRepeaterRenderer.js" size="10433" compressedSize="4149">
    <description>Provides default renderer for control sap.ui.commons.RowRepeater</description>
    <requires>
      <module name="sap/ui/commons/Paginator.js"/>
      <module name="sap/ui/commons/Toolbar.js"/>
      <module name="sap/ui/commons/Button.js"/>
      <module name="jquery.sap.global.js"/>
    </requires>
  </module>
  <module name="sap/ui/commons/RowRepeaterSorter.js" size="5745" compressedSize="629">
    <description>Provides control sap.ui.commons.RowRepeaterSorter.</description>
    <requires>
      <module name="sap/ui/commons/library.js"/>
      <module name="sap/ui/core/Element.js"/>
      <module name="jquery.sap.global.js"/>
    </requires>
  </module>
  <module name="sap/ui/commons/SearchField.js" size="48958" compressedSize="16124">
    <description>Provides control sap.ui.commons.SearchField.</description>
    <requires>
      <module name="sap/ui/commons/library.js"/>
      <module name="sap/ui/core/Control.js"/>
      <module name="sap/ui/commons/ComboBox.js"/>
      <module name="sap/ui/commons/ComboBoxRenderer.js"/>
      <module name="sap/ui/commons/TextField.js"/>
      <module name="sap/ui/commons/TextFieldRenderer.js"/>
      <module name="sap/ui/commons/ListBox.js"/>
      <module name="sap/ui/core/Renderer.js"/>
      <module name="sap/ui/core/History.js"/>
      <module name="jquery.sap.global.js"/>
    </requires>
  </module>
  <module name="sap/ui/commons/SearchFieldRenderer.js" size="1912" compressedSize="888">
    <description>Provides default renderer for control sap.ui.commons.SearchField</description>
    <requires>
      <module name="jquery.sap.global.js"/>
    </requires>
  </module>
  <module name="sap/ui/commons/SearchProvider.js" size="3701" compressedSize="618">
    <description>Provides control sap.ui.commons.SearchProvider.</description>
    <requires>
      <module name="sap/ui/commons/library.js"/>
      <module name="sap/ui/core/search/OpenSearchProvider.js"/>
      <module name="jquery.sap.global.js"/>
    </requires>
  </module>
  <module name="sap/ui/commons/SegmentedButton.js" size="17423" compressedSize="5111">
    <description>Provides control sap.ui.commons.SegmentedButton.</description>
    <requires>
      <module name="sap/ui/commons/library.js"/>
      <module name="sap/ui/core/Control.js"/>
      <module name="sap/ui/core/delegate/ItemNavigation.js"/>
      <module name="jquery.sap.global.js"/>
    </requires>
  </module>
  <module name="sap/ui/commons/SegmentedButtonRenderer.js" size="2034" compressedSize="1068">
    <description>! SAP UI development toolkit for HTML5 (SAPUI5) (c) Copyright 2009-2013 SAP AG or an SAP affiliate company.  Licensed under the Apache License, Version 2.0 - see LICENSE.txt.</description>
    <requires>
      <module name="jquery.sap.global.js"/>
    </requires>
  </module>
  <module name="sap/ui/commons/Slider.js" size="59661" compressedSize="20806">
    <description>Provides control sap.ui.commons.Slider.</description>
    <requires>
      <module name="sap/ui/commons/library.js"/>
      <module name="sap/ui/core/Control.js"/>
      <module name="sap/ui/core/ResizeHandler.js"/>
      <module name="sap/ui/core/EnabledPropagator.js"/>
      <module name="jquery.sap.global.js"/>
    </requires>
  </module>
  <module name="sap/ui/commons/SliderRenderer.js" size="5436" compressedSize="2888">
    <description>Provides default renderer for control sap.ui.commons.Slider</description>
    <requires>
      <module name="jquery.sap.global.js"/>
    </requires>
  </module>
  <module name="sap/ui/commons/Splitter.js" size="43687" compressedSize="14942">
    <description>Provides control sap.ui.commons.Splitter.</description>
    <requires>
      <module name="sap/ui/commons/library.js"/>
      <module name="sap/ui/core/Control.js"/>
      <module name="sap/ui/core/delegate/ItemNavigation.js"/>
      <module name="jquery.sap.events.js"/>
      <module name="jquery.sap.keycodes.js"/>
      <module name="sap/ui/core/ResizeHandler.js"/>
      <module name="jquery.sap.global.js"/>
    </requires>
  </module>
  <module name="sap/ui/commons/SplitterRenderer.js" size="4261" compressedSize="2274">
    <description>Provides default renderer for control sap.ui.commons.Splitter</description>
    <requires>
      <module name="jquery.sap.global.js"/>
    </requires>
  </module>
  <module name="sap/ui/commons/Tab.js" size="12115" compressedSize="2694">
    <description>Provides control sap.ui.commons.Tab.</description>
    <requires>
      <module name="sap/ui/commons/library.js"/>
      <module name="sap/ui/commons/Panel.js"/>
      <module name="jquery.sap.global.js"/>
    </requires>
  </module>
  <module name="sap/ui/commons/TabStrip.js" size="28469" compressedSize="8004">
    <description>Provides control sap.ui.commons.TabStrip.</description>
    <requires>
      <module name="sap/ui/commons/library.js"/>
      <module name="sap/ui/core/Control.js"/>
      <module name="sap/ui/core/delegate/ItemNavigation.js"/>
      <module name="jquery.sap.global.js"/>
    </requires>
  </module>
  <module name="sap/ui/commons/TabStripRenderer.js" size="6177" compressedSize="3441">
    <description>Provides default renderer for control sap.ui.commons.TabStrip</description>
    <requires>
      <module name="jquery.sap.global.js"/>
    </requires>
  </module>
  <module name="sap/ui/commons/TextArea.js" size="17233" compressedSize="4840">
    <description>Provides control sap.ui.commons.TextArea.</description>
    <requires>
      <module name="sap/ui/commons/library.js"/>
      <module name="sap/ui/commons/TextField.js"/>
      <module name="jquery.sap.global.js"/>
    </requires>
  </module>
  <module name="sap/ui/commons/TextAreaRenderer.js" size="3303" compressedSize="1787">
    <description>Provides default renderer for control sap.ui.commons.TextArea</description>
    <requires>
      <module name="sap/ui/core/Renderer.js"/>
      <module name="sap/ui/commons/TextFieldRenderer.js"/>
      <module name="jquery.sap.global.js"/>
    </requires>
  </module>
  <module name="sap/ui/commons/TextField.js" size="41967" compressedSize="9558">
    <description>Provides control sap.ui.commons.TextField.</description>
    <requires>
      <module name="sap/ui/commons/library.js"/>
      <module name="sap/ui/core/Control.js"/>
      <module name="sap/ui/core/ValueStateSupport.js"/>
      <module name="jquery.sap.global.js"/>
    </requires>
  </module>
  <module name="sap/ui/commons/TextFieldRenderer.js" size="10934" compressedSize="6865">
    <description>Provides default renderer for control sap.ui.commons.TextField</description>
    <requires>
      <module name="sap/ui/core/Renderer.js"/>
      <module name="sap/ui/core/ValueStateSupport.js"/>
      <module name="jquery.sap.global.js"/>
    </requires>
  </module>
  <module name="sap/ui/commons/TextView.js" size="17971" compressedSize="2170">
    <description>Provides control sap.ui.commons.TextView.</description>
    <requires>
      <module name="sap/ui/commons/library.js"/>
      <module name="sap/ui/core/Control.js"/>
      <module name="sap/ui/core/Popup.js"/>
      <module name="jquery.sap.global.js"/>
    </requires>
  </module>
  <module name="sap/ui/commons/TextViewRenderer.js" size="4292" compressedSize="2270">
    <description>Provides default renderer for control sap.ui.commons.TextView</description>
    <requires>
      <module name="sap/ui/core/Renderer.js"/>
      <module name="jquery.sap.global.js"/>
    </requires>
  </module>
  <module name="sap/ui/commons/Title.js" size="4033" compressedSize="428">
    <description>Provides control sap.ui.commons.Title.</description>
    <requires>
      <module name="sap/ui/commons/library.js"/>
      <module name="sap/ui/core/Title.js"/>
      <module name="jquery.sap.global.js"/>
    </requires>
  </module>
  <module name="sap/ui/commons/ToggleButton.js" size="4963" compressedSize="1214">
    <description>Provides control sap.ui.commons.ToggleButton.</description>
    <requires>
      <module name="sap/ui/commons/library.js"/>
      <module name="sap/ui/commons/Button.js"/>
      <module name="jquery.sap.global.js"/>
    </requires>
  </module>
  <module name="sap/ui/commons/ToggleButtonRenderer.js" size="2859" compressedSize="1563">
    <description>Provides default renderer for control sap.ui.commons.Togglebutton</description>
    <requires>
      <module name="sap/ui/commons/ButtonRenderer.js"/>
      <module name="sap/ui/core/Renderer.js"/>
      <module name="jquery.sap.global.js"/>
    </requires>
  </module>
  <module name="sap/ui/commons/Toolbar.js" size="39296" compressedSize="13538">
    <description>Provides control sap.ui.commons.Toolbar.</description>
    <requires>
      <module name="sap/ui/commons/library.js"/>
      <module name="sap/ui/core/Control.js"/>
      <module name="sap/ui/core/delegate/ItemNavigation.js"/>
      <module name="sap/ui/core/Popup.js"/>
      <module name="jquery.sap.global.js"/>
    </requires>
  </module>
  <module name="sap/ui/commons/ToolbarRenderer.js" size="7459" compressedSize="3372">
    <description>Provides default renderer for control sap.ui.commons.Toolbar</description>
    <requires>
      <module name="jquery.sap.global.js"/>
    </requires>
  </module>
  <module name="sap/ui/commons/ToolbarSeparator.js" size="5323" compressedSize="747">
    <description>Provides control sap.ui.commons.ToolbarSeparator.</description>
    <requires>
      <module name="sap/ui/commons/library.js"/>
      <module name="sap/ui/core/Element.js"/>
      <module name="jquery.sap.global.js"/>
    </requires>
  </module>
  <module name="sap/ui/commons/Tree.js" size="29014" compressedSize="7236">
    <description>Provides control sap.ui.commons.Tree.</description>
    <requires>
      <module name="sap/ui/commons/library.js"/>
      <module name="sap/ui/core/Control.js"/>
      <module name="jquery.sap.global.js"/>
    </requires>
  </module>
  <module name="sap/ui/commons/TreeNode.js" size="28077" compressedSize="6294">
    <description>Provides control sap.ui.commons.TreeNode.</description>
    <requires>
      <module name="sap/ui/commons/library.js"/>
      <module name="sap/ui/core/Element.js"/>
      <module name="jquery.sap.global.js"/>
    </requires>
  </module>
  <module name="sap/ui/commons/TreeRenderer.js" size="5839" compressedSize="3537">
    <description>Provides default renderer for control sap.ui.commons.TreeRenderer</description>
    <requires>
      <module name="jquery.sap.global.js"/>
    </requires>
  </module>
  <module name="sap/ui/commons/TriStateCheckBox.js" size="16243" compressedSize="2225">
    <description>Provides control sap.ui.commons.TriStateCheckBox.</description>
    <requires>
      <module name="sap/ui/commons/library.js"/>
      <module name="sap/ui/core/Control.js"/>
      <module name="jquery.sap.global.js"/>
    </requires>
  </module>
  <module name="sap/ui/commons/TriStateCheckBoxRenderer.js" size="4130" compressedSize="2084">
    <description>Provides default renderer for control sap.ui.commons.TriStateCheckBox</description>
    <requires>
      <module name="sap/ui/core/ValueStateSupport.js"/>
      <module name="jquery.sap.global.js"/>
    </requires>
  </module>
  <module name="sap/ui/commons/ValueHelpField.js" size="13423" compressedSize="4293">
    <description>Provides control sap.ui.commons.ValueHelpField.</description>
    <requires>
      <module name="sap/ui/commons/library.js"/>
      <module name="sap/ui/commons/TextField.js"/>
      <module name="sap/ui/core/theming/Parameters.js"/>
      <module name="jquery.sap.global.js"/>
    </requires>
  </module>
  <module name="sap/ui/commons/ValueHelpFieldRenderer.js" size="5395" compressedSize="1314">
    <description>Provides default renderer for control sap.ui.commons.ValueHelpField</description>
    <requires>
      <module name="sap/ui/commons/TextFieldRenderer.js"/>
      <module name="jquery.sap.global.js"/>
    </requires>
  </module>
  <module name="sap/ui/commons/form/Form.js" size="4097" compressedSize="448">
    <description>Provides control sap.ui.commons.form.Form.</description>
    <requires>
      <module name="sap/ui/commons/library.js"/>
      <module name="sap/ui/layout/form/Form.js"/>
      <module name="jquery.sap.global.js"/>
    </requires>
  </module>
  <module name="sap/ui/commons/form/FormContainer.js" size="4152" compressedSize="484">
    <description>Provides control sap.ui.commons.form.FormContainer.</description>
    <requires>
      <module name="sap/ui/commons/library.js"/>
      <module name="sap/ui/layout/form/FormContainer.js"/>
      <module name="jquery.sap.global.js"/>
    </requires>
  </module>
  <module name="sap/ui/commons/form/FormElement.js" size="4131" compressedSize="476">
    <description>Provides control sap.ui.commons.form.FormElement.</description>
    <requires>
      <module name="sap/ui/commons/library.js"/>
      <module name="sap/ui/layout/form/FormElement.js"/>
      <module name="jquery.sap.global.js"/>
    </requires>
  </module>
  <module name="sap/ui/commons/form/FormLayout.js" size="3418" compressedSize="472">
    <description>Provides control sap.ui.commons.form.FormLayout.</description>
    <requires>
      <module name="sap/ui/commons/library.js"/>
      <module name="sap/ui/layout/form/FormLayout.js"/>
      <module name="jquery.sap.global.js"/>
    </requires>
  </module>
  <module name="sap/ui/commons/form/FormLayoutRenderer.js" size="468" compressedSize="463">
    <description>! SAP UI development toolkit for HTML5 (SAPUI5) (c) Copyright 2009-2013 SAP AG or an SAP affiliate company.  Licensed under the Apache License, Version 2.0 - see LICENSE.txt.</description>
    <requires>
      <module name="sap/ui/core/Renderer.js"/>
      <module name="sap/ui/layout/form/FormLayoutRenderer.js"/>
      <module name="jquery.sap.global.js"/>
    </requires>
  </module>
  <module name="sap/ui/commons/form/FormRenderer.js" size="443" compressedSize="439">
    <description>! SAP UI development toolkit for HTML5 (SAPUI5) (c) Copyright 2009-2013 SAP AG or an SAP affiliate company.  Licensed under the Apache License, Version 2.0 - see LICENSE.txt.</description>
    <requires>
      <module name="sap/ui/core/Renderer.js"/>
      <module name="sap/ui/layout/form/FormRenderer.js"/>
      <module name="jquery.sap.global.js"/>
    </requires>
  </module>
  <module name="sap/ui/commons/form/GridContainerData.js" size="3736" compressedSize="500">
    <description>Provides control sap.ui.commons.form.GridContainerData.</description>
    <requires>
      <module name="sap/ui/commons/library.js"/>
      <module name="sap/ui/layout/form/GridContainerData.js"/>
      <module name="jquery.sap.global.js"/>
    </requires>
  </module>
  <module name="sap/ui/commons/form/GridElementData.js" size="3682" compressedSize="492">
    <description>Provides control sap.ui.commons.form.GridElementData.</description>
    <requires>
      <module name="sap/ui/commons/library.js"/>
      <module name="sap/ui/layout/form/GridElementData.js"/>
      <module name="jquery.sap.global.js"/>
    </requires>
  </module>
  <module name="sap/ui/commons/form/GridLayout.js" size="3548" compressedSize="472">
    <description>Provides control sap.ui.commons.form.GridLayout.</description>
    <requires>
      <module name="sap/ui/commons/library.js"/>
      <module name="sap/ui/layout/form/GridLayout.js"/>
      <module name="jquery.sap.global.js"/>
    </requires>
  </module>
  <module name="sap/ui/commons/form/GridLayoutRenderer.js" size="466" compressedSize="463">
    <description>! SAP UI development toolkit for HTML5 (SAPUI5) (c) Copyright 2009-2013 SAP AG or an SAP affiliate company.  Licensed under the Apache License, Version 2.0 - see LICENSE.txt.</description>
    <requires>
      <module name="sap/ui/core/Renderer.js"/>
      <module name="sap/ui/layout/form/GridLayoutRenderer.js"/>
      <module name="jquery.sap.global.js"/>
    </requires>
  </module>
  <module name="sap/ui/commons/form/ResponsiveLayout.js" size="3511" compressedSize="496">
    <description>Provides control sap.ui.commons.form.ResponsiveLayout.</description>
    <requires>
      <module name="sap/ui/commons/library.js"/>
      <module name="sap/ui/layout/form/ResponsiveLayout.js"/>
      <module name="jquery.sap.global.js"/>
    </requires>
  </module>
  <module name="sap/ui/commons/form/ResponsiveLayoutRenderer.js" size="490" compressedSize="487">
    <description>! SAP UI development toolkit for HTML5 (SAPUI5) (c) Copyright 2009-2013 SAP AG or an SAP affiliate company.  Licensed under the Apache License, Version 2.0 - see LICENSE.txt.</description>
    <requires>
      <module name="sap/ui/core/Renderer.js"/>
      <module name="sap/ui/layout/form/ResponsiveLayoutRenderer.js"/>
      <module name="jquery.sap.global.js"/>
    </requires>
  </module>
  <module name="sap/ui/commons/form/SimpleForm.js" size="4435" compressedSize="472">
    <description>Provides control sap.ui.commons.form.SimpleForm.</description>
    <requires>
      <module name="sap/ui/commons/library.js"/>
      <module name="sap/ui/layout/form/SimpleForm.js"/>
      <module name="jquery.sap.global.js"/>
    </requires>
  </module>
  <module name="sap/ui/commons/form/SimpleFormRenderer.js" size="466" compressedSize="463">
    <description>! SAP UI development toolkit for HTML5 (SAPUI5) (c) Copyright 2009-2013 SAP AG or an SAP affiliate company.  Licensed under the Apache License, Version 2.0 - see LICENSE.txt.</description>
    <requires>
      <module name="sap/ui/core/Renderer.js"/>
      <module name="sap/ui/layout/form/SimpleFormRenderer.js"/>
      <module name="jquery.sap.global.js"/>
    </requires>
  </module>
  <module name="sap/ui/commons/layout/AbsoluteLayout.js" size="25233" compressedSize="6817">
    <description>Provides control sap.ui.commons.layout.AbsoluteLayout.</description>
    <requires>
      <module name="sap/ui/commons/library.js"/>
      <module name="sap/ui/core/Control.js"/>
      <module name="sap/ui/commons/layout/PositionContainer.js"/>
      <module name="jquery.sap.global.js"/>
    </requires>
  </module>
  <module name="sap/ui/commons/layout/AbsoluteLayoutRenderer.js" size="5469" compressedSize="2972">
    <description>Provides default renderer for control sap.ui.commons.layout.AbsoluteLayout</description>
    <requires>
      <module name="jquery.sap.global.js"/>
    </requires>
  </module>
  <module name="sap/ui/commons/layout/BorderLayout.js" size="20336" compressedSize="3622">
    <description>Provides control sap.ui.commons.layout.BorderLayout.</description>
    <requires>
      <module name="sap/ui/commons/library.js"/>
      <module name="sap/ui/core/Control.js"/>
      <module name="jquery.sap.global.js"/>
    </requires>
  </module>
  <module name="sap/ui/commons/layout/BorderLayoutArea.js" size="12625" compressedSize="1675">
    <description>Provides control sap.ui.commons.layout.BorderLayoutArea.</description>
    <requires>
      <module name="sap/ui/commons/library.js"/>
      <module name="sap/ui/core/Element.js"/>
      <module name="sap/ui/core/CustomStyleClassSupport.js"/>
      <module name="jquery.sap.global.js"/>
    </requires>
  </module>
  <module name="sap/ui/commons/layout/BorderLayoutRenderer.js" size="5774" compressedSize="2908">
    <description>Provides default renderer for control sap.ui.commons.layout.BorderLayout</description>
    <requires>
      <module name="jquery.sap.global.js"/>
    </requires>
  </module>
  <module name="sap/ui/commons/layout/HorizontalLayout.js" size="3297" compressedSize="474">
    <description>Provides control sap.ui.commons.layout.HorizontalLayout.</description>
    <requires>
      <module name="sap/ui/commons/library.js"/>
      <module name="sap/ui/layout/HorizontalLayout.js"/>
      <module name="jquery.sap.global.js"/>
    </requires>
  </module>
  <module name="sap/ui/commons/layout/HorizontalLayoutRenderer.js" size="485" compressedSize="481">
    <description>! SAP UI development toolkit for HTML5 (SAPUI5) (c) Copyright 2009-2013 SAP AG or an SAP affiliate company.  Licensed under the Apache License, Version 2.0 - see LICENSE.txt.</description>
    <requires>
      <module name="sap/ui/core/Renderer.js"/>
      <module name="sap/ui/layout/HorizontalLayoutRenderer.js"/>
      <module name="jquery.sap.global.js"/>
    </requires>
  </module>
  <module name="sap/ui/commons/layout/MatrixLayout.js" size="15683" compressedSize="2095">
    <description>Provides control sap.ui.commons.layout.MatrixLayout.</description>
    <requires>
      <module name="sap/ui/commons/library.js"/>
      <module name="sap/ui/core/Control.js"/>
      <module name="sap/ui/core/EnabledPropagator.js"/>
      <module name="sap/ui/commons/layout/MatrixLayoutCell.js"/>
      <module name="sap/ui/commons/layout/MatrixLayoutRow.js"/>
      <module name="jquery.sap.global.js"/>
    </requires>
  </module>
  <module name="sap/ui/commons/layout/MatrixLayoutCell.js" size="16036" compressedSize="1349">
    <description>Provides control sap.ui.commons.layout.MatrixLayoutCell.</description>
    <requires>
      <module name="sap/ui/commons/library.js"/>
      <module name="sap/ui/core/Element.js"/>
      <module name="sap/ui/core/CustomStyleClassSupport.js"/>
      <module name="jquery.sap.global.js"/>
    </requires>
  </module>
  <module name="sap/ui/commons/layout/MatrixLayoutRenderer.js" size="18750" compressedSize="8170">
    <description>Provides default renderer for control sap.ui.commons.layout.MatrixLayout</description>
    <requires>
      <module name="jquery.sap.global.js"/>
    </requires>
  </module>
  <module name="sap/ui/commons/layout/MatrixLayoutRow.js" size="9842" compressedSize="916">
    <description>Provides control sap.ui.commons.layout.MatrixLayoutRow.</description>
    <requires>
      <module name="sap/ui/commons/library.js"/>
      <module name="sap/ui/core/Element.js"/>
      <module name="sap/ui/core/CustomStyleClassSupport.js"/>
      <module name="jquery.sap.global.js"/>
    </requires>
  </module>
  <module name="sap/ui/commons/layout/PositionContainer.js" size="19633" compressedSize="5910">
    <description>Provides control sap.ui.commons.layout.PositionContainer.</description>
    <requires>
      <module name="sap/ui/commons/library.js"/>
      <module name="sap/ui/core/Element.js"/>
      <module name="jquery.sap.global.js"/>
    </requires>
  </module>
  <module name="sap/ui/commons/layout/ResponsiveFlowLayout.js" size="3597" compressedSize="506">
    <description>Provides control sap.ui.commons.layout.ResponsiveFlowLayout.</description>
    <requires>
      <module name="sap/ui/commons/library.js"/>
      <module name="sap/ui/layout/ResponsiveFlowLayout.js"/>
      <module name="jquery.sap.global.js"/>
    </requires>
  </module>
  <module name="sap/ui/commons/layout/ResponsiveFlowLayoutData.js" size="4330" compressedSize="546">
    <description>Provides control sap.ui.commons.layout.ResponsiveFlowLayoutData.</description>
    <requires>
      <module name="sap/ui/commons/library.js"/>
      <module name="sap/ui/layout/ResponsiveFlowLayoutData.js"/>
      <module name="jquery.sap.global.js"/>
    </requires>
  </module>
  <module name="sap/ui/commons/layout/ResponsiveFlowLayoutRenderer.js" size="500" compressedSize="497">
    <description>! SAP UI development toolkit for HTML5 (SAPUI5) (c) Copyright 2009-2013 SAP AG or an SAP affiliate company.  Licensed under the Apache License, Version 2.0 - see LICENSE.txt.</description>
    <requires>
      <module name="sap/ui/core/Renderer.js"/>
      <module name="sap/ui/layout/ResponsiveFlowLayoutRenderer.js"/>
      <module name="jquery.sap.global.js"/>
    </requires>
  </module>
  <module name="sap/ui/commons/layout/VerticalLayout.js" size="3375" compressedSize="482">
    <description>Provides control sap.ui.commons.layout.VerticalLayout.</description>
    <requires>
      <module name="sap/ui/commons/library.js"/>
      <module name="sap/ui/layout/VerticalLayout.js"/>
      <module name="jquery.sap.global.js"/>
    </requires>
  </module>
  <module name="sap/ui/commons/layout/VerticalLayoutRenderer.js" size="556" compressedSize="473">
    <description>Provides default renderer for control sap.ui.commons.layout.VerticalLayout</description>
    <requires>
      <module name="sap/ui/core/Renderer.js"/>
      <module name="sap/ui/layout/VerticalLayoutRenderer.js"/>
      <module name="jquery.sap.global.js"/>
    </requires>
  </module>
  <module name="sap/ui/commons/library.js" size="41188" compressedSize="9138">
    <description>Initialization Code and shared classes of library sap.ui.commons (1.16.8-SNAPSHOT)</description>
    <requires>
      <module name="sap/ui/core/Core.js"/>
      <module name="sap/ui/core/library.js"/>
      <module name="sap/ui/layout/library.js"/>
      <module name="sap/ui/base/DataType.js"/>
      <module name="jquery.sap.global.js"/>
    </requires>
    <includes>
      <module name="sap/ui/commons/ButtonStyle.js"/>
      <module name="sap/ui/commons/HorizontalDividerHeight.js"/>
      <module name="sap/ui/commons/HorizontalDividerType.js"/>
      <module name="sap/ui/commons/LabelDesign.js"/>
      <module name="sap/ui/commons/MenuBarDesign.js"/>
      <module name="sap/ui/commons/MessageType.js"/>
      <module name="sap/ui/commons/Orientation.js"/>
      <module name="sap/ui/commons/PaginatorEvent.js"/>
      <module name="sap/ui/commons/RatingIndicatorVisualMode.js"/>
      <module name="sap/ui/commons/RowRepeaterDesign.js"/>
      <module name="sap/ui/commons/SplitterSize.js"/>
      <module name="sap/ui/commons/TextViewColor.js"/>
      <module name="sap/ui/commons/TextViewDesign.js"/>
      <module name="sap/ui/commons/ToolbarDesign.js"/>
      <module name="sap/ui/commons/ToolbarSeparatorDesign.js"/>
      <module name="sap/ui/commons/TriStateCheckBoxState.js"/>
      <module name="sap/ui/commons/enums/AreaDesign.js"/>
      <module name="sap/ui/commons/enums/BorderDesign.js"/>
      <module name="sap/ui/commons/enums/Orientation.js"/>
      <module name="sap/ui/commons/layout/BackgroundDesign.js"/>
      <module name="sap/ui/commons/layout/BorderLayoutAreaTypes.js"/>
      <module name="sap/ui/commons/layout/HAlign.js"/>
      <module name="sap/ui/commons/layout/Padding.js"/>
      <module name="sap/ui/commons/layout/Separation.js"/>
      <module name="sap/ui/commons/layout/VAlign.js"/>
    </includes>
  </module>
</library>
