{"sapBrandColor":"#000000","sapHighlightColor":"#ffffff","sapBaseColor":"#dddddd","sapShellColor":"#000000","sapBackgroundColor":"#ffffff","sapTextColor":"#000000","sapLinkColor":"#000000","sapCompanyLogo":"none","sapBackgroundImage":"none","sapBackgroundImageOpacity":"1","sapBackgroundImageRepeat":"false","sapSelectedColor":"#ffffff","sapActiveColor":"#ffffff","sapHighlightTextColor":"#000000","sapTitleColor":"#333333","sapNegativeColor":"#d0001d","sapCriticalColor":"#fffcb5","sapPositiveColor":"#008a3b","sapNeutralColor":"#306898","sapContent_LabelColor":"#000000","sapContent_DisabledTextColor":"#999999","sapContent_ForegroundColor":"#bbb8b8","sapContent_ForegroundBorderColor":"#9b9b9b","sapContent_ForegroundTextColor":"#000000","sapShell_Background":"#746b6b","sapShell_BorderColor":"#5c4b4b","sapShell_TextColor":"#ffffff","sapButton_Background":"#ffffff","sapButton_BorderColor":"#000000","sapButton_TextColor":"#000000","sapButton_Disabled_Background":"#ffffff","sapButton_Disabled_BorderColor":"#949494","sapButton_Disabled_TextColor":"#828282","sapButton_Hover_Background":"#d1d1d1","sapButton_Hover_BorderColor":"#000000","sapButton_Hover_TextColor":"#000000","sapButton_Emphasized_Background":"#ffffff","sapButton_Emphasized_BorderColor":"#000000","sapButton_Emphasized_TextColor":"#000000","sapButton_Reject_Background":"#d0001d","sapButton_Accept_Background":"#008a3b","sapField_Background":"#ffffff","sapField_BorderColor":"#969696","sapField_HelpBackground":"#dddddd","sapField_Hover_Background":"#ffffff","sapField_Hover_BorderColor":"#969696","sapField_Hover_HelpBackground":"#969696","sapField_Focus_Background":"#fef09e","sapField_Focus_BorderColor":"#969696","sapField_Focus_HelpBackground":"#fef09e","sapField_ReadOnly_Background":"#ffffff","sapField_ReadOnly_BorderColor":"#969696","sapField_ReadOnly_HelpBackground":"#ffffff","sapField_Disabled_Background":"#ffffff","sapField_Disabled_BorderColor":"#c0b2b2","sapField_Disabled_HelpBackground":"#ffffff","sapField_RequiredColor":"#d0001d","sapField_InvalidColor":"#d0001d","sapField_InvalidBackground":"#fbe9eb","sapField_WarningColor":"#fffcb5","sapField_WarningBackground":"#ffffff","sapField_SuccessColor":"#008000","sapField_SuccessBackground":"#a5eea5","sapGroup_TitleBackground":"#dddddd","sapGroup_TitleBorderColor":"#bebebe","sapGroup_TitleTextColor":"#000000","sapGroup_ContentBackground":"#ffffff","sapGroup_ContentBorderColor":"#a7a7a7","sapGroup_FooterBackground":"#dddddd","sapToolbar_Background":"#dddddd","sapToolbar_Separator":"#ffffff","sapList_HeaderBackground":"#e0e0e0","sapList_HeaderBorderColor":"#d5d5d5","sapList_HeaderTextColor":"#323232","sapList_BorderColor":"#d5d5d5","sapList_HighlightColor":"#ffffff","sapList_SelectionBackgroundColor":"#ffffff","sapList_Hover_Background":"#ffffff","sapScrollBar_FaceColor":"#e7e7e7","sapScrollBar_TrackColor":"#ffffff","sapScrollBar_BorderColor":"#e7e7e7","sapScrollBar_SymbolColor":"#515151","sapUiBaseColor":"#dddddd","sapUiContentDisabledTextColor":"#666666","sapUiContentForegroundBorderColor":"#a6a6a6","sapUiButtonBackground":"#000000","sapUiButtonBorderColor":"#ffffff","sapUiButtonTextColor":"#000000","sapUiButtonDisabledBackground":"#000000","sapUiButtonDisabledBorderColor":"#666666","sapUiButtonDisabledTextColor":"#828282","sapUiButtonHoverBackground":"#7a5100","sapUiButtonHoverBorderColor":"#ffffff","sapUiButtonHoverTextColor":"#000000","sapUiButtonRejectBackground":"#000000","sapUiButtonAcceptBackground":"#000000","sapUiFieldBackground":"#000000","sapUiFieldBorderColor":"#ffffff","sapUiFieldHelpBackground":"#ffffff","sapUiFieldHoverBackground":"#ffffff","sapUiFieldHoverBorderColor":"#ffffff","sapUiFieldHoverHelpBackground":"#7a5100","sapUiFieldFocusBackground":"#ffffff","sapUiFieldFocusBorderColor":"#969696","sapUiFieldFocusHelpBackground":"#ffffff","sapUiFieldReadOnlyBackground":"#585858","sapUiFieldReadOnlyBorderColor":"#999999","sapUiFieldReadOnlyHelpBackground":"#808080","sapUiFieldDisabledBackground":"#ffffff","sapUiFieldDisabledBorderColor":"#969696","sapUiFieldDisabledHelpBackground":"#ffffff","sapUiFieldRequiredColor":"#969696","sapUiFieldInvalidColor":"#ff0000","sapUiFieldInvalidBackground":"#aa0000","sapUiFieldWarningColor":"#ffffff","sapUiFieldWarningBackground":"#ccaa00","sapUiFieldSuccessColor":"#00aa00","sapUiFieldSuccessBackground":"#00aa00","sapUiListHeaderBorderColor":"#ffffff","sapUiListHighlightColor":"#ffffff","sapUiListHoverBackground":"#7a5100","sapUiListSelectionBackgroundColor":"#7a5100","sapUiBrand":"#f0ab00","sapUiHighlight":"#7a5100","sapUiSelected":"#7a5100","sapUiActive":"#7a5100","sapUiPurple":"#800080","sapUiOrange":"#ffa500","sapUiGreen":"#008000","sapUiBlue":"#0000ff","sapUiRed":"#ff0000","sapUiYellow":"#ffff00","sapUiBase":"#ffffff","sapUiBaseBG":"#000000","sapUiBaseBorder":"#ffffff","sapUiBaseText":"#ffffff","sapUiBaseLine":"#ffffff","sapUiWhite":"#000000","sapUiWhiteBG":"#000000","sapUiExtraLightBG":"#000000","sapUiLightBG":"#7a5100","sapUiMediumBG":"#7a5100","sapUiDarkBG":"#7a5100","sapUiDeepBG":"#ffffff","sapUiBlackBG":"#ffffff","sapUiHoverBG":"#808080","sapUiMediumAltBG":"#808080","sapUiDarkAltBG":"#a9a9a9","sapUiButtonStandardBG":"#000000","sapUiButtonEmphasizedBG":"#000000","sapUiButtonNegativeBG":"#000000","sapUiButtonPositiveBG":"#000000","sapUiErrorBG":"#aa0000","sapUiWarningBG":"#ccaa00","sapUiReadOnlyBG":"#585858","sapUiExtraLightText":"#d3d3d3","sapUiLightText":"#d3d3d3","sapUiMediumText":"#808080","sapUiDarkText":"#a9a9a9","sapUiDeepText":"#000000","sapUiText":"#ffffff","sapUiTextInverted":"#000000","sapUiLink":"#ffffff","sapUiLinkInverted":"#ffffff","sapUiLinkVisited":"#ffffff","sapUiLinkActive":"#ffffff","sapUiLinkHover":"#ffffff","sapUiNegativeText":"#ff0000","sapUiPositiveText":"#00aa00","sapUiWhiteBorder":"#ffffff","sapUiExtraLightBorder":"#ffffff","sapUiLightBorder":"#ffffff","sapUiMediumBorder":"#ffffff","sapUiDarkBorder":"#ffffff","sapUiBlackBorder":"#000000","sapUiErrorBorder":"#ff0000","sapUiWarningBorder":"#ffffff","sapUiLightLine":"#d3d3d3","sapUiMediumLine":"#808080","sapUiEmphasizedLine":"#7a5100","sapUiDarkLine":"#a9a9a9","sapUiTableRowBG":"#000000","sapUiTableRowAlternatingBG":"#444444","sapUiTableRowSelectionBG":"#7a5100","sapUiTableRowSelectionReadOnlyBG":"#7a5100","sapUiTableRowHoverBG":"#808080","sapUiListBG":"#f7f7f7","sapUiTextColor":"#008000","sapUiTextTitleColor":"#008000","sapUiTextSelectionColor":"#008000","sapUiTextDisabled":"#666666","sapUiTextTitle":"#ffffff","sapUiTextSelection":"#ffffff","sapUiTextfieldBackground":"#000000","sapUiLineHeight":"18px","sapUiFontFamily":"Arial,Helvetica,sans-serif","sapUiFontMonospaceFamily":"Lucida Console","sapUiFontSize":"11px","sapUiFontLargeSize":"16px","sapUiFontSmallSize":"10px","sapUiFontHeader1Size":"16px","sapUiFontHeader2Size":"13px","sapUiFontHeader3Size":"11px","sapUiFontHeader4Size":"10px","sapUiFontHeader5Size":"10px","sapUiFontHeader6Size":"10px","sapUiUx3ShellBackgroundColor":"#000000","sapUiUx3ShellHoverColor":"#ffffff","sapUiUx3ShellSideBarBaseWidth":"40px","sapUiUx3ShellPaneOverflowButtonHeight":"40px","sapUiUx3ExactLstExpandOffset":"0 0","sapUiUx3ExactLstRootExpandOffset":"0 3","sapUiUx3ExactLstCollapseWidth":"24px","sapUiUx3ExactLstHeaderHeight":"25px","sapUiUx3ExactLstContentTop":"25px","sapUiNotificationBarBG":"#000000","sapUiNotificationBarBG_IE":"#000000","sapUiNotifierHoverColor":"#7a5100","sapUiNotifierSeparator":"#ffffff","sapUiNotificationText":"#ffffff","sapUiNotificationTimestamp":"#ababab","sapUiNotificationBarCalloutBorder":"#ffffff","sapUiNotificationBarCalloutBorder_IE":"#ffffff","sapUiNotificationBarCalloutArr":"#ffffff","sapUiNotificationBarHeight":"40px","sapUiNotificationBarHeightMinimized":"0px","sapUiNotificationBarHeightMaximized":"40%","sapUiNotifierWidth":"40px","sapUiNotifierSeparatorWidth":"2px","sapUiUx3ToolPopupInverted":"false","sapUiUx3ToolPopupArrowWidth":"13px","sapUiUx3ToolPopupArrowHeight":"20px","sapUiUx3ToolPopupArrowRightMarginCorrection":"11px","sapUiUx3ToolPopupArrowRightMarginCorrectionInverted":"-7px","sapUiUx3TPPaddingBottom":"50px","sapUiButtonActiveBorderColor":"#ffffff","sapUiButtonActiveBackground":"#7a5100","sapUiButtonEmphasizedBorderColor":"#ffffff","sapUiButtonEmphasizedBackground":"#000000","sapUiButtonEmphasizedDisabledBorderColor":"#666666","sapUiButtonEmphasizedDisabledBackground":"#000000","sapUiButtonEmphasizedHoverBorderColor":"#ffffff","sapUiButtonEmphasizedHoverBackground":"#7a5100","sapUiButtonEmphasizedActiveBorderColor":"#ffffff","sapUiButtonEmphasizedActiveBackground":"#7a5100","sapUiButtonAcceptBorderColor":"#ffffff","sapUiButtonAcceptDisabledBorderColor":"#666666","sapUiButtonAcceptDisabledBackground":"#000000","sapUiButtonAcceptHoverBorderColor":"#ffffff","sapUiButtonAcceptHoverBackground":"#7a5100","sapUiButtonAcceptActiveBorderColor":"#ffffff","sapUiButtonAcceptActiveBackground":"#7a5100","sapUiButtonRejectBorderColor":"#ffffff","sapUiButtonRejectDisabledBorderColor":"#666666","sapUiButtonRejectDisabledBackground":"#000000","sapUiButtonRejectHoverBorderColor":"#ffffff","sapUiButtonRejectHoverBackground":"#7a5100","sapUiButtonRejectActiveBorderColor":"#ffffff","sapUiButtonRejectActiveBackground":"#7a5100","sapUiButtonLiteBackground":"transparent","sapUiToggleButtonPressedDisabledBackground":"#000000","sapUiToggleButtonPressedBackground":"#7a5100","sapUiPositiveBG":"#00aa00","sapUiShadowTint":"#000000","sapUiShadow":"5px 5px 10px rgba(0, 0, 0, 0.5)","sapUiHighlightColor":"#7a5100","sapUiListHeaderBackground":"#585858","sapUiMessageNotifierCountBG":"#0f5d94","sapUiDatePickerTableBackground":"#0f5d94","sapUiDatePickerTableBorderColor":"#0f5d94","sapUiButtonHeight":"18px","sapUiComboBoxHeight":"18px","sapUiListBoxBorderRadius":"2px","sapUiMnuItmHeight":"20px","sapUiPanelBorderRadius":"3px","sapUiRatingSymbolSelected":"img/rating/star_selected.png","sapUiRatingSymbolUnselected":"img/rating/star_unselected.png","sapUiRatingSymbolHovered":"img/rating/star_hover.png","sapUiTextFieldHeight":"18px","sapUiValueHelpIconRegularUrl":"/img/valuehelpfield/F4-Help_icon_regular.png","sapUiValueHelpIconHoverUrl":"/img/valuehelpfield/F4-Help_icon_hover.png","sapUiValueHelpIconDsblUrl":"/img/valuehelpfield/F4-Help_icon_dsbl.png","sap.ui.commons.Button:sapUiButtonHeight":"18px","sap.ui.commons.Button:sapUiButtonHeight":"18px","sap.ui.commons.ComboBox:sapUiComboBoxHeight":"18px","sap.ui.commons.ListBox:sapUiListBoxBorderRadius":"2px","sap.ui.commons.ListBox:sapUiListBoxBorderRadius":"2px","sap.ui.commons.Menu:sapUiMnuItmHeight":"20px","sap.ui.commons.Panel:sapUiPanelBorderRadius":"3px","sap.ui.commons.Panel:sapUiPanelBorderRadius":"3px","sap.ui.commons.RatingIndicator:sapUiRatingSymbolSelected":"img/rating/star_selected.png","sap.ui.commons.RatingIndicator:sapUiRatingSymbolUnselected":"img/rating/star_unselected.png","sap.ui.commons.RatingIndicator:sapUiRatingSymbolHovered":"img/rating/star_hover.png","sap.ui.commons.TextField:sapUiTextFieldHeight":"18px","sap.ui.commons.TextField:sapUiTextFieldHeight":"18px","sap.ui.commons.ValueHelpField:sapUiValueHelpIconRegularUrl":"/img/valuehelpfield/F4-Help_icon_regular.png","sap.ui.commons.ValueHelpField:sapUiValueHelpIconHoverUrl":"/img/valuehelpfield/F4-Help_icon_hover.png","sap.ui.commons.ValueHelpField:sapUiValueHelpIconDsblUrl":"/img/valuehelpfield/F4-Help_icon_dsbl.png","sap.ui.commons.ValueHelpField:sapUiValueHelpIconRegularUrl":"/img/valuehelpfield/F4-Help_icon_regular.png","sap.ui.commons.ValueHelpField:sapUiValueHelpIconHoverUrl":"/img/valuehelpfield/F4-Help_icon_hover.png","sap.ui.commons.ValueHelpField:sapUiValueHelpIconDsblUrl":"/img/valuehelpfield/F4-Help_icon_dsbl.png"}